Tenure,WarehouseToHome,NumberOfDeviceRegistered,SatisfactionScore,NumberOfAddress,Complain,DaySinceLastOrder,CashbackAmount,PreferedOrderCat_Grocery,PreferedOrderCat_Laptop & Accessory,PreferedOrderCat_Mobile,PreferedOrderCat_Mobile Phone,PreferedOrderCat_Others,MaritalStatus_Married,MaritalStatus_Single,Actual_Churn,Predicted_Churn,Churn_Probability (%)
9.0,9.0,3,4,2,0,0.0,114.83,False,False,False,True,False,False,True,0,1,99.0
9.0,20.0,3,3,2,0,0.0,115.14,False,False,False,True,False,False,True,0,1,94.0
0.0,11.0,3,1,2,0,0.0,110.51,False,False,False,True,False,False,True,0,1,94.0
1.0,9.0,4,3,8,1,3.0,164.77,False,False,False,True,False,True,False,0,1,93.0
1.0,7.0,4,4,3,1,3.0,148.02,False,False,False,True,False,False,True,1,1,93.0
0.0,19.0,3,3,4,1,2.0,198.54,False,True,False,False,False,False,True,1,1,92.0
0.0,11.0,3,2,2,0,0.0,110.51,False,False,False,True,False,False,True,0,1,92.0
1.0,35.0,5,5,5,0,4.0,167.84,False,True,False,False,False,False,True,1,1,92.0
0.0,13.0,3,3,2,1,7.0,123.94,False,False,True,False,False,False,True,1,1,92.0
1.0,20.0,4,4,7,0,1.0,182.65,False,True,False,False,False,False,True,1,1,92.0
9.0,10.0,3,2,19,1,0.0,122.85,False,False,True,False,False,False,True,1,1,91.0
0.0,10.0,4,3,6,0,2.0,138.94,False,False,False,True,False,False,True,1,1,91.0
0.0,8.0,4,1,2,0,0.0,111.02,False,False,False,True,False,False,True,1,1,91.0
0.0,13.0,3,4,2,1,2.0,124.78,False,False,True,False,False,False,True,0,1,90.0
1.0,18.0,5,5,3,1,1.0,151.0,False,False,False,True,False,False,True,1,1,90.0
0.0,21.0,3,1,2,0,0.0,128.71,False,False,True,False,False,False,True,0,1,90.0
0.0,21.0,3,3,8,1,7.0,236.1,False,False,False,False,False,False,False,1,1,89.0
1.0,7.0,6,4,9,1,8.0,147.16,False,False,False,True,False,False,True,1,1,89.0
0.0,8.0,4,1,8,0,0.0,127.85,False,False,True,False,False,False,True,1,1,88.0
0.0,15.0,3,5,3,1,0.0,131.72,False,False,True,False,False,False,True,1,1,88.0
1.0,9.0,5,2,3,0,1.0,150.64,False,False,False,True,False,False,True,1,1,87.0
9.0,7.0,3,1,2,0,0.0,116.11,False,False,False,True,False,False,True,0,1,86.0
1.0,35.0,3,5,8,1,0.0,166.73,False,True,False,False,False,True,False,1,1,86.0
0.0,13.0,3,5,2,1,2.0,123.8,False,False,True,False,False,False,True,0,1,84.0
0.0,13.0,3,1,1,1,2.0,123.79,False,False,True,False,False,False,True,0,1,83.0
1.0,7.0,5,5,8,0,8.0,148.62,False,False,False,True,False,False,True,1,1,83.0
0.0,34.0,4,5,4,0,3.0,142.84,False,True,False,False,False,False,True,1,1,82.0
1.0,11.0,4,1,11,1,1.0,147.85,False,False,False,True,False,False,True,1,1,82.0
0.0,16.0,3,3,2,1,1.0,110.09,False,False,False,True,False,False,True,1,1,82.0
1.0,25.0,5,2,3,1,2.0,148.89,False,False,False,True,False,False,True,1,1,82.0
0.0,24.0,3,3,1,1,2.0,146.14,False,True,False,False,False,False,False,1,1,82.0
1.0,12.0,4,3,3,1,1.0,153.51,False,False,False,True,False,False,True,1,1,80.0
0.0,15.0,4,5,8,0,3.0,134.07,False,True,False,False,False,False,True,1,1,80.0
1.0,34.0,4,1,3,1,8.0,183.13,False,True,False,False,False,False,True,1,1,80.0
0.0,13.0,3,5,2,1,0.0,123.98,False,False,True,False,False,True,False,1,1,80.0
1.0,7.0,5,3,7,0,3.0,231.09,False,False,False,False,False,True,False,1,1,80.0
0.0,13.0,3,4,2,0,0.0,126.79,False,False,True,False,False,False,True,1,1,79.0
1.0,7.0,5,5,3,0,3.0,222.14,False,True,False,False,False,True,False,1,1,78.0
1.0,7.0,6,4,8,0,1.0,192.35,False,True,False,False,False,False,True,1,1,77.0
0.0,25.0,1,1,9,1,4.0,153.04,False,True,False,False,False,False,True,1,1,77.0
0.0,6.0,3,1,2,1,8.0,126.86,False,False,True,False,False,False,True,1,1,77.0
1.0,16.0,4,3,3,0,3.0,152.42,False,False,False,True,False,False,False,1,1,76.0
1.0,20.0,5,5,6,1,1.0,148.35,False,False,False,True,False,True,False,1,1,74.0
9.0,6.0,3,3,1,1,2.0,121.54,False,False,True,False,False,False,True,0,1,74.0
8.0,17.0,3,3,8,1,2.0,126.6,False,False,True,False,False,True,False,0,1,73.0
0.0,20.0,3,1,1,1,7.0,175.53,False,False,False,False,False,False,True,1,1,73.0
1.0,16.0,4,5,2,1,4.0,207.24,False,True,False,False,False,False,True,1,1,73.0
0.0,29.0,4,5,2,0,10.0,173.36,False,False,False,False,False,False,False,1,1,73.0
0.0,11.0,4,3,1,0,0.0,129.66,False,False,True,False,False,False,True,0,1,73.0
0.0,30.0,3,4,9,0,2.0,135.97,False,False,False,True,False,False,True,0,1,73.0
9.0,8.0,4,3,2,0,0.0,122.74,False,False,True,False,False,False,True,0,1,72.0
3.0,31.0,4,4,3,1,0.0,190.94,False,False,False,False,False,False,True,1,1,72.0
9.0,27.0,4,4,2,1,0.0,121.21,False,False,True,False,False,False,True,1,1,71.0
1.0,36.0,6,5,10,0,3.0,174.69,False,True,False,False,False,False,True,1,1,71.0
1.0,12.0,4,5,3,1,3.0,148.8,False,False,False,True,False,False,True,0,1,71.0
0.0,29.0,3,5,10,1,2.0,199.5,False,False,False,False,False,True,False,1,1,70.0
2.0,36.0,4,5,9,1,1.0,191.73,False,True,False,False,False,True,False,1,1,70.0
1.0,16.0,5,5,5,0,3.0,169.0,False,False,False,True,False,True,False,1,1,70.0
0.0,6.0,5,4,7,0,0.0,167.35,False,True,False,False,False,False,True,1,1,70.0
1.0,16.0,4,2,3,1,3.0,148.23,False,False,False,True,False,False,True,1,1,69.0
9.0,8.0,4,3,7,1,0.0,120.9,False,False,True,False,False,False,True,1,1,69.0
9.0,13.0,3,3,1,1,7.0,123.08,False,False,True,False,False,True,False,0,1,69.0
1.0,9.0,4,5,3,1,1.0,145.74,False,False,False,True,False,True,False,1,1,69.0
1.0,27.0,4,3,3,0,3.0,224.81,False,True,False,False,False,False,True,0,1,69.0
0.0,13.0,5,3,1,0,0.0,123.51,False,False,True,False,False,True,False,1,1,68.0
9.0,16.0,4,3,2,0,0.0,112.0,False,False,False,True,False,False,True,0,1,67.0
0.0,10.0,3,5,1,1,7.0,195.82,False,False,False,False,False,False,True,1,1,67.0
1.0,32.0,4,2,3,1,2.0,152.95,False,False,False,True,False,False,True,1,1,67.0
1.0,15.0,4,3,3,0,1.0,144.04,False,False,False,True,False,False,True,1,1,67.0
9.0,12.0,1,5,2,1,0.0,116.01,False,False,False,True,False,False,False,1,1,67.0
9.0,23.0,4,4,2,0,0.0,121.27,False,False,True,False,False,True,False,0,1,66.0
0.0,9.0,4,2,2,1,7.0,203.25,False,False,False,False,False,False,False,1,1,66.0
1.0,30.0,4,5,11,1,3.0,224.5,False,False,False,False,False,True,False,1,1,66.0
5.0,9.0,6,1,6,1,1.0,152.78,False,False,False,True,False,True,False,1,1,66.0
19.0,20.0,3,4,10,1,3.0,149.63,False,False,False,True,False,False,False,1,1,65.0
0.0,8.0,1,5,8,0,1.0,134.24,False,False,True,False,False,False,True,0,1,64.0
7.0,6.0,4,5,10,0,6.0,204.82,False,False,False,False,False,True,False,1,1,63.0
0.0,13.0,3,3,2,1,2.0,128.86,False,False,True,False,False,False,False,1,1,63.0
0.0,13.0,3,1,1,0,1.0,125.23,False,False,True,False,False,True,False,0,1,62.0
1.0,9.0,4,4,11,0,3.0,159.68,False,False,False,True,False,True,False,0,1,62.0
11.0,36.0,4,4,3,1,10.0,243.49,False,False,False,False,False,False,False,1,1,62.0
0.0,13.0,1,5,1,0,7.0,135.78,False,False,False,True,False,False,True,0,1,60.0
1.0,17.0,4,3,3,1,2.0,135.09,False,False,True,False,False,False,True,1,1,60.0
1.0,11.0,4,5,2,1,3.0,220.82,False,False,False,False,False,False,True,1,1,60.0
1.0,14.0,5,3,4,0,1.0,186.32,False,True,False,False,False,False,False,0,1,60.0
6.0,13.0,3,1,5,0,0.0,124.96,False,False,True,False,False,False,True,0,1,60.0
1.0,13.0,6,3,2,0,1.0,148.51,False,False,False,True,False,True,False,1,1,59.0
0.0,13.0,4,3,2,1,7.0,123.66,False,False,True,False,False,True,False,1,1,59.0
1.0,10.0,4,5,2,0,5.0,156.02,False,False,False,True,False,False,True,1,1,59.0
1.0,17.0,5,5,3,0,1.0,139.16,False,False,False,True,False,False,True,1,1,59.0
1.0,12.0,4,3,3,1,3.0,159.41,False,False,False,True,False,False,True,1,1,59.0
9.0,16.0,3,1,2,0,7.0,199.8,False,False,False,False,False,False,True,0,1,59.0
1.0,9.0,4,4,6,0,3.0,146.87,False,False,False,True,False,True,False,0,1,58.0
0.0,7.0,3,1,5,0,2.0,132.29,False,False,True,False,False,True,False,0,1,58.0
1.0,13.0,2,5,3,1,1.0,141.01,False,False,False,True,False,False,False,1,1,58.0
0.0,16.0,4,5,10,0,0.0,203.06,False,False,False,False,False,True,False,1,1,58.0
1.0,13.0,2,5,3,1,1.0,141.01,False,False,False,True,False,True,False,1,1,58.0
0.0,13.0,4,3,2,0,2.0,125.39,False,False,True,False,False,False,False,0,1,57.0
0.0,9.0,4,1,2,1,7.0,203.25,False,False,False,False,False,True,False,1,1,57.0
1.0,31.0,2,5,3,0,1.0,135.91,False,False,False,True,False,False,True,1,1,57.0
1.0,23.0,2,1,3,1,1.0,154.35,False,False,False,True,False,True,False,0,1,56.0
0.0,9.0,3,5,6,0,2.0,140.31,False,False,False,True,False,False,False,1,1,56.0
0.0,25.0,3,1,4,0,2.0,136.69,False,False,False,True,False,True,False,0,1,56.0
1.0,13.0,6,3,6,1,8.0,186.72,False,True,False,False,False,False,False,1,1,56.0
9.0,18.0,4,5,2,0,0.0,120.33,False,False,True,False,False,False,False,1,1,56.0
9.0,14.0,5,5,2,1,7.0,121.19,False,False,True,False,False,False,False,1,1,56.0
1.0,29.0,4,3,3,1,8.0,186.79,False,True,False,False,False,True,False,1,1,56.0
0.0,13.0,3,4,3,1,2.0,123.73,False,False,True,False,False,True,False,1,1,55.0
0.0,9.0,4,1,1,1,0.0,128.53,False,False,True,False,False,True,False,1,1,54.0
4.0,29.0,5,3,4,1,1.0,188.8,False,True,False,False,False,False,False,1,1,54.0
1.0,16.0,4,2,3,0,3.0,151.1,False,False,False,True,False,False,True,0,1,54.0
2.0,8.0,4,5,3,1,0.0,136.46,False,False,False,True,False,False,True,1,1,54.0
1.0,12.0,3,4,3,1,3.0,148.28,False,False,False,True,False,True,False,0,1,54.0
1.0,12.0,2,3,5,1,4.0,149.32,False,False,False,True,False,False,True,1,1,52.0
0.0,10.0,3,5,2,0,0.0,129.73,False,False,True,False,False,False,True,1,1,52.0
9.0,8.0,3,5,7,1,2.0,120.42,False,False,True,False,False,True,False,1,1,52.0
1.0,8.0,3,4,5,0,4.0,148.55,False,True,False,False,False,True,False,1,1,51.0
0.0,22.0,1,5,2,0,14.0,127.43,False,False,True,False,False,False,True,1,0,50.0
0.0,14.0,1,3,8,0,2.0,135.17,False,False,True,False,False,True,False,0,0,50.0
0.0,23.0,4,3,2,0,2.0,143.77,False,True,False,False,False,True,False,0,0,50.0
6.0,6.0,4,5,4,1,2.0,127.99,False,False,True,False,False,False,True,0,0,49.0
9.0,8.0,3,5,7,1,2.0,120.42,False,False,True,False,False,False,False,1,0,49.0
1.0,24.0,4,4,2,1,2.0,155.58,False,False,False,True,False,True,False,0,0,49.0
1.0,10.0,5,1,2,0,2.0,145.45,False,False,False,True,False,False,True,0,0,48.0
0.0,8.0,1,3,1,0,7.0,165.0,False,True,False,False,False,False,True,0,0,47.0
1.0,29.0,5,4,3,0,1.0,153.63,False,False,False,True,False,True,False,1,0,47.0
9.0,31.0,5,3,2,0,1.0,122.93,False,False,True,False,False,False,True,1,0,46.0
1.0,24.0,4,4,3,0,1.0,147.1,False,False,False,True,False,True,False,1,0,45.0
21.0,9.0,4,4,9,1,9.0,317.46,False,False,False,False,True,False,True,1,0,45.0
14.0,14.0,4,4,3,0,9.0,323.33,False,False,False,False,True,False,True,0,0,44.0
13.0,13.0,3,4,2,0,8.0,298.33,False,False,False,False,True,False,True,0,0,44.0
1.0,27.0,4,3,2,0,3.0,147.72,False,True,False,False,False,False,True,0,0,44.0
8.0,13.0,3,3,4,0,6.0,202.21,False,False,False,False,False,False,True,0,0,43.0
12.0,7.0,4,3,6,1,1.0,203.61,False,False,False,False,False,False,True,0,0,43.0
0.0,13.0,3,2,2,0,2.0,123.23,False,False,True,False,False,False,False,0,0,43.0
0.0,5.0,4,3,2,0,2.0,130.33,False,False,True,False,False,False,True,0,0,43.0
13.0,14.0,3,3,4,1,3.0,167.96,False,True,False,False,False,False,False,1,0,42.0
4.0,36.0,4,4,5,0,3.0,217.5,False,False,False,False,False,True,False,0,0,42.0
9.0,18.0,4,3,9,1,3.0,151.6,False,False,False,True,False,True,False,0,0,42.0
17.0,31.0,4,5,8,1,3.0,229.48,False,False,False,False,False,False,True,1,0,41.0
0.0,31.0,1,1,2,1,1.0,129.94,False,False,True,False,False,False,True,0,0,41.0
7.0,32.0,5,4,3,0,3.0,168.2,False,True,False,False,False,False,True,0,0,41.0
1.0,13.0,5,4,3,0,4.0,148.68,False,False,False,True,False,True,False,0,0,41.0
1.0,32.0,4,3,3,0,8.0,154.42,False,False,False,True,False,True,False,0,0,40.0
4.0,26.0,3,4,2,1,2.0,131.4,False,False,True,False,False,False,True,1,0,40.0
0.0,14.0,3,4,2,0,7.0,162.14,False,True,False,False,False,True,False,0,0,39.0
9.0,15.0,3,5,2,0,0.0,117.9,False,False,False,True,False,True,False,1,0,39.0
9.0,19.0,3,4,2,0,0.0,120.33,False,False,True,False,False,False,False,0,0,39.0
1.0,30.0,5,5,3,0,11.0,198.36,False,False,False,False,False,True,False,1,0,39.0
9.0,14.0,1,4,10,0,2.0,121.09,False,False,True,False,False,False,True,0,0,38.0
15.0,13.0,4,5,1,1,8.0,125.93,False,False,True,False,False,True,False,0,0,38.0
0.0,8.0,3,4,10,0,2.0,134.68,False,False,True,False,False,True,False,0,0,38.0
1.0,7.0,5,5,3,0,8.0,167.94,False,True,False,False,False,False,True,0,0,38.0
7.0,16.0,3,3,2,1,2.0,129.36,False,False,True,False,False,False,True,1,0,37.0
9.0,6.0,3,5,5,0,2.0,121.94,False,False,True,False,False,True,False,0,0,37.0
1.0,15.0,3,4,2,0,3.0,173.51,False,True,False,False,False,False,False,0,0,37.0
1.0,21.0,4,5,3,1,9.0,147.35,False,False,False,True,False,False,False,0,0,36.0
1.0,8.0,5,3,3,1,1.0,154.33,False,False,False,True,False,True,False,0,0,36.0
13.0,13.0,4,1,1,1,3.0,123.42,False,False,True,False,False,False,True,0,0,36.0
9.0,32.0,5,2,6,0,3.0,161.81,False,True,False,False,False,False,True,0,0,36.0
0.0,14.0,1,4,1,0,2.0,148.51,False,True,False,False,False,True,False,0,0,35.0
1.0,19.0,5,5,3,0,1.0,145.33,False,False,False,True,False,True,False,1,0,35.0
0.0,16.0,4,1,2,1,4.0,157.69,False,True,False,False,False,True,False,0,0,35.0
1.0,16.0,4,5,3,0,3.0,150.0,False,False,False,True,False,True,False,0,0,35.0
13.0,13.0,3,1,9,0,0.0,124.06,False,False,True,False,False,True,False,0,0,35.0
21.0,9.0,5,1,11,1,1.0,148.8,False,False,False,True,False,True,False,1,0,34.0
21.0,11.0,5,4,10,1,3.0,228.33,False,False,False,False,False,True,False,0,0,33.0
18.0,9.0,4,3,7,1,3.0,227.09,False,False,False,False,False,False,True,0,0,33.0
9.0,13.0,4,4,2,0,1.0,121.41,False,False,True,False,False,True,False,0,0,33.0
18.0,11.0,4,4,11,0,4.0,184.33,False,True,False,False,False,False,True,0,0,33.0
10.0,10.0,4,4,5,1,3.0,217.78,False,True,False,False,False,False,True,0,0,33.0
19.0,32.0,4,4,9,0,2.0,179.91,False,True,False,False,False,False,True,0,0,33.0
1.0,11.0,5,2,2,0,5.0,156.62,False,False,False,True,False,False,False,0,0,33.0
5.0,9.0,4,1,6,1,6.0,190.82,False,True,False,False,False,False,True,0,0,32.0
0.0,22.0,1,3,4,0,7.0,152.94,False,True,False,False,False,True,False,0,0,32.0
5.0,9.0,6,1,3,1,1.0,136.29,False,False,False,True,False,True,False,0,0,32.0
3.0,9.0,5,5,4,1,1.0,161.46,False,False,False,True,False,False,True,1,0,32.0
2.0,16.0,4,3,7,0,3.0,148.77,False,False,False,True,False,True,False,0,0,32.0
26.0,9.0,5,3,3,1,13.0,315.68,False,False,False,False,True,False,True,0,0,32.0
5.0,9.0,4,5,9,0,4.0,178.32,False,True,False,False,False,False,True,0,0,31.0
7.0,10.0,4,3,3,1,1.0,154.09,False,False,False,True,False,True,False,0,0,31.0
12.0,21.0,3,5,1,0,10.0,233.41000000000005,True,False,False,False,False,False,True,0,0,31.0
0.0,14.0,2,4,1,0,2.0,148.51,False,True,False,False,False,False,False,0,0,30.0
1.0,25.0,2,3,4,0,3.0,187.32,False,True,False,False,False,True,False,0,0,30.0
1.0,11.0,5,5,3,0,4.0,167.56,False,True,False,False,False,True,False,0,0,30.0
8.0,9.0,4,2,3,0,5.0,187.74,False,True,False,False,False,False,True,0,0,29.0
1.0,14.0,3,2,2,0,2.0,133.1,False,False,True,False,False,False,True,0,0,29.0
3.0,28.0,4,3,3,1,0.0,163.8,False,True,False,False,False,False,False,1,0,29.0
13.0,22.0,4,5,2,0,11.0,258.41,True,False,False,False,False,False,True,0,0,28.0
8.0,9.0,4,1,3,0,5.0,187.74,False,True,False,False,False,False,True,0,0,28.0
3.0,6.0,4,1,2,1,0.0,151.26,False,True,False,False,False,True,False,0,0,28.0
1.0,17.0,2,3,3,0,3.0,160.05,False,False,False,True,False,False,True,0,0,27.0
4.0,14.0,4,5,5,1,4.0,146.66,False,False,False,True,False,False,True,1,0,27.0
11.0,11.0,4,3,9,1,4.0,154.96,False,False,False,True,False,True,False,0,0,27.0
8.0,17.0,4,3,3,1,3.0,154.36,False,False,False,True,False,False,True,1,0,26.0
30.0,9.0,1,5,5,1,0.0,126.7,False,False,True,False,False,True,False,0,0,26.0
8.0,29.0,3,5,4,1,2.0,140.14,False,False,False,True,False,True,False,0,0,26.0
6.0,31.0,4,4,2,0,2.0,143.2,False,True,False,False,False,False,True,0,0,26.0
3.0,35.0,3,4,4,0,3.0,192.5,False,False,False,False,False,True,False,0,0,26.0
2.0,14.0,5,5,4,0,7.0,197.15,False,True,False,False,False,True,False,0,0,26.0
3.0,28.0,4,3,3,1,0.0,163.8,False,True,False,False,False,True,False,1,0,26.0
13.0,13.0,3,4,4,0,3.0,123.87,False,False,True,False,False,True,False,0,0,25.0
8.0,12.0,3,3,1,1,2.0,135.06,False,False,True,False,False,True,False,0,0,25.0
1.0,15.0,2,4,2,0,3.0,173.51,False,True,False,False,False,True,False,0,0,25.0
1.0,35.0,4,4,3,0,5.0,187.72,False,True,False,False,False,False,False,0,0,25.0
9.0,32.0,5,1,6,0,3.0,161.81,False,True,False,False,False,False,True,0,0,25.0
0.0,8.0,3,1,1,0,2.0,142.27,False,True,False,False,False,True,False,0,0,25.0
1.0,17.0,4,1,2,0,2.0,146.45,False,False,False,True,False,True,False,0,0,25.0
1.0,17.0,4,1,3,0,3.0,171.84,False,True,False,False,False,False,True,0,0,24.0
5.0,35.0,4,4,2,0,1.0,128.37,False,False,True,False,False,False,True,0,0,24.0
18.0,35.0,3,1,5,1,2.0,193.8,False,False,False,False,False,False,False,0,0,24.0
1.0,9.0,4,1,2,0,3.0,167.27,False,True,False,False,False,True,False,0,0,24.0
9.0,19.0,3,4,5,0,4.0,121.43,False,False,True,False,False,True,False,0,0,24.0
10.0,18.0,4,1,2,0,3.0,222.38,False,False,False,False,False,True,False,0,0,23.0
0.0,16.0,3,1,2,0,2.0,146.84,False,True,False,False,False,False,True,0,0,23.0
13.0,15.0,3,4,9,1,0.0,136.17,False,False,False,True,False,True,False,0,0,22.0
30.0,15.0,4,4,8,0,8.0,322.17,False,False,False,False,True,False,True,0,0,22.0
8.0,17.0,4,3,3,1,1.0,163.15,False,False,False,True,False,True,False,0,0,22.0
9.0,14.0,1,1,2,0,1.0,122.69,False,False,True,False,False,True,False,0,0,22.0
13.0,12.0,3,3,8,0,13.0,232.37,True,False,False,False,False,False,True,0,0,22.0
2.0,13.0,3,2,2,0,5.0,123.4,False,False,True,False,False,False,True,0,0,22.0
18.0,7.0,5,3,6,0,3.0,184.85,False,True,False,False,False,False,True,0,0,21.0
0.0,8.0,3,2,1,0,2.0,142.27,False,True,False,False,False,False,False,0,0,21.0
22.0,17.0,5,4,6,0,10.0,321.65,False,False,False,False,True,True,False,0,0,21.0
2.0,8.0,3,1,2,0,3.0,188.53,False,True,False,False,False,True,False,0,0,21.0
9.0,9.0,3,2,2,0,0.0,117.06,False,False,False,True,False,False,False,0,0,21.0
2.0,13.0,3,1,5,0,7.0,125.14,False,False,True,False,False,True,False,0,0,21.0
3.0,16.0,2,3,8,0,1.0,149.51,False,False,False,True,False,True,False,0,0,21.0
9.0,26.0,3,3,1,0,2.0,122.72,False,True,False,False,False,False,True,0,0,20.0
3.0,20.0,5,4,6,1,4.0,165.25,False,True,False,False,False,True,False,0,0,20.0
5.0,11.0,3,4,3,0,7.0,127.18,False,False,True,False,False,False,True,0,0,20.0
13.0,12.0,3,1,2,1,7.0,264.37,True,False,False,False,False,False,True,0,0,20.0
3.0,11.0,3,1,3,0,4.0,194.19,False,False,False,False,False,True,False,0,0,20.0
1.0,10.0,4,3,2,1,3.0,166.71,False,True,False,False,False,False,False,1,0,20.0
3.0,14.0,5,2,8,0,4.0,150.32,False,False,False,True,False,True,False,0,0,20.0
9.0,19.0,3,4,4,0,4.0,121.43,False,False,True,False,False,False,False,0,0,20.0
7.0,12.0,4,4,7,0,0.0,145.05,False,True,False,False,False,True,False,0,0,20.0
9.0,27.0,1,4,2,0,13.0,120.28,False,False,True,False,False,True,False,0,0,20.0
8.0,17.0,4,3,3,1,1.0,147.2,False,False,False,True,False,True,False,0,0,20.0
8.0,13.0,4,5,2,0,2.0,124.5,False,False,True,False,False,False,True,0,0,20.0
20.0,9.0,4,2,4,0,5.0,198.79,False,True,False,False,False,True,False,0,0,20.0
8.0,15.0,4,3,5,0,4.0,186.42,False,True,False,False,False,False,True,0,0,20.0
8.0,17.0,2,1,3,0,3.0,172.24,False,True,False,False,False,True,False,0,0,20.0
11.0,26.0,4,4,3,1,10.0,201.42,False,False,False,False,False,False,True,0,0,20.0
10.0,9.0,4,4,11,1,13.0,179.1,False,True,False,False,False,False,True,0,0,20.0
2.0,6.0,3,2,2,0,1.0,179.18,False,False,False,False,False,False,False,0,0,19.0
13.0,13.0,3,3,3,0,2.0,123.45,False,False,True,False,False,True,False,0,0,19.0
16.0,36.0,6,1,6,0,1.0,167.72,False,True,False,False,False,False,True,0,0,19.0
9.0,6.0,3,3,1,0,5.0,120.58,False,False,True,False,False,False,True,1,0,19.0
16.0,9.0,4,3,2,1,1.0,151.96,False,False,False,True,False,True,False,0,0,19.0
5.0,14.0,5,1,11,0,2.0,240.57,False,False,False,False,False,True,False,0,0,19.0
11.0,7.0,3,4,1,1,2.0,129.91,False,False,True,False,False,True,False,0,0,19.0
1.0,7.0,4,3,3,0,8.0,177.96,False,True,False,False,False,True,False,0,0,19.0
5.0,18.0,4,1,5,1,3.0,148.56,False,False,False,True,False,True,False,0,0,18.0
1.0,7.0,4,3,2,0,3.0,173.98,False,True,False,False,False,False,False,0,0,18.0
8.0,22.0,3,4,1,0,9.0,180.2,False,False,False,False,False,False,False,0,0,18.0
2.0,22.0,4,3,3,0,3.0,147.07,False,False,False,True,False,True,False,0,0,18.0
23.0,18.0,4,1,5,0,5.0,170.07,False,True,False,False,False,False,True,0,0,18.0
11.0,13.0,3,4,6,0,8.0,125.92,False,False,True,False,False,True,False,0,0,18.0
23.0,13.0,3,2,5,0,0.0,123.8,False,False,True,False,False,False,False,0,0,18.0
9.0,9.0,3,3,2,0,0.0,120.83,False,False,True,False,False,True,False,0,0,18.0
10.0,10.0,5,2,6,0,3.0,221.99,False,False,False,False,False,False,False,0,0,18.0
4.0,13.0,3,2,5,0,7.0,175.47,False,True,False,False,False,True,False,0,0,18.0
13.0,16.0,4,4,22,0,4.0,192.82,False,True,False,False,False,False,True,0,0,18.0
2.0,6.0,3,1,2,0,1.0,179.18,False,False,False,False,False,True,False,0,0,18.0
28.0,33.0,2,1,4,1,5.0,298.28,True,False,False,False,False,False,True,0,0,17.0
2.0,16.0,4,1,3,0,8.0,177.53,False,True,False,False,False,False,True,0,0,17.0
14.0,12.0,5,5,7,1,3.0,229.75,False,False,False,False,False,True,False,0,0,17.0
22.0,36.0,4,3,5,0,1.0,250.04,False,False,False,False,False,True,False,0,0,17.0
18.0,27.0,4,4,3,0,4.0,159.2,False,False,False,True,False,False,True,0,0,17.0
12.0,9.0,4,4,7,0,9.0,150.92,False,False,False,True,False,True,False,0,0,17.0
2.0,8.0,6,1,2,0,6.0,191.74,False,True,False,False,False,True,False,0,0,17.0
3.0,15.0,6,5,5,0,3.0,222.15,False,True,False,False,False,True,False,0,0,17.0
0.0,13.0,3,1,2,0,2.0,126.1,False,False,True,False,False,False,True,0,0,17.0
8.0,22.0,4,5,3,0,7.0,186.25,False,True,False,False,False,False,True,0,0,16.0
1.0,14.0,3,1,2,0,2.0,133.1,False,False,True,False,False,False,True,0,0,16.0
7.0,11.0,5,4,8,0,2.0,151.22,False,False,False,True,False,False,False,0,0,16.0
9.0,23.0,4,3,6,1,1.0,201.32,False,False,False,False,False,True,False,0,0,16.0
3.0,14.0,4,5,5,0,3.0,145.62,False,False,False,True,False,False,True,0,0,16.0
10.0,18.0,5,4,3,0,4.0,189.99,False,True,False,False,False,False,True,0,0,16.0
19.0,13.0,3,3,9,0,8.0,123.39,False,False,True,False,False,True,False,1,0,16.0
17.0,30.0,5,3,3,0,4.0,137.08,False,False,False,True,False,False,True,0,0,16.0
21.0,10.0,4,3,8,0,3.0,209.99,False,False,False,False,False,False,True,0,0,15.0
8.0,8.0,4,4,3,0,4.0,202.74,False,False,False,False,False,True,False,0,0,15.0
5.0,14.0,4,2,3,1,11.0,196.43,False,False,False,False,False,False,True,0,0,15.0
15.0,13.0,4,5,4,1,18.0,172.21,False,False,False,True,False,False,True,0,0,15.0
11.0,28.0,4,2,7,0,1.0,154.73,False,False,False,True,False,False,False,0,0,15.0
14.0,23.0,5,3,8,0,1.0,175.94,False,True,False,False,False,False,True,0,0,15.0
1.0,35.0,5,4,2,0,7.0,165.49,False,True,False,False,False,True,False,0,0,15.0
17.0,18.0,4,3,3,0,10.0,200.1,False,False,False,False,False,True,False,0,0,15.0
18.0,14.0,4,1,2,1,11.0,315.49,False,False,False,False,True,True,False,0,0,15.0
9.0,8.0,3,4,5,0,2.0,121.87,False,False,True,False,False,True,False,0,0,15.0
18.0,31.0,3,4,4,0,0.0,280.61,False,False,False,False,True,False,True,0,0,15.0
6.0,31.0,3,3,2,0,1.0,145.39,False,True,False,False,False,True,False,0,0,15.0
1.0,9.0,2,3,3,0,8.0,177.06,False,True,False,False,False,True,False,0,0,14.0
9.0,10.0,4,1,8,0,9.0,203.23,False,False,False,False,False,True,False,0,0,14.0
0.0,6.0,3,4,2,0,4.0,163.97,False,True,False,False,False,True,False,0,0,14.0
7.0,6.0,4,2,2,1,3.0,136.22,False,False,False,True,False,False,False,0,0,14.0
20.0,9.0,4,1,4,0,5.0,198.79,False,True,False,False,False,True,False,0,0,14.0
20.0,9.0,4,1,5,0,3.0,210.78,False,False,False,False,False,True,False,0,0,14.0
7.0,35.0,4,3,3,1,8.0,177.07,False,True,False,False,False,True,False,0,0,14.0
3.0,7.0,6,2,3,0,9.0,152.2,False,False,False,True,False,True,False,0,0,14.0
10.0,27.0,3,1,6,0,0.0,129.73,False,False,True,False,False,True,False,0,0,14.0
31.0,7.0,5,3,9,0,4.0,179.73,False,True,False,False,False,False,True,0,0,14.0
9.0,18.0,3,3,10,1,1.0,146.63,False,True,False,False,False,True,False,0,0,14.0
8.0,16.0,4,2,2,0,3.0,210.0,False,False,False,False,False,True,False,0,0,14.0
13.0,22.0,4,3,7,0,0.0,150.94,False,True,False,False,False,False,True,0,0,14.0
20.0,17.0,5,2,4,1,3.0,215.71,False,False,False,False,False,False,False,0,0,14.0
19.0,36.0,4,1,6,1,3.0,218.8,False,False,False,False,False,True,False,0,0,14.0
11.0,24.0,5,1,4,1,0.0,158.11,False,True,False,False,False,True,False,0,0,14.0
11.0,31.0,4,4,4,0,3.0,220.61,False,False,False,False,False,True,False,0,0,14.0
4.0,18.0,3,2,9,1,2.0,139.29,False,False,False,True,False,False,False,0,0,14.0
6.0,9.0,4,4,3,0,8.0,148.7,False,False,False,True,False,True,False,0,0,13.0
15.0,8.0,4,4,5,0,0.0,148.41,False,False,False,True,False,True,False,0,0,13.0
3.0,13.0,3,5,8,0,2.0,147.79,False,True,False,False,False,True,False,0,0,13.0
10.0,27.0,3,2,6,0,0.0,129.73,False,False,True,False,False,False,False,0,0,13.0
5.0,15.0,2,4,11,0,3.0,146.09,False,False,False,True,False,False,True,0,0,13.0
17.0,22.0,5,2,5,0,3.0,193.04,False,True,False,False,False,False,False,0,0,13.0
9.0,12.0,3,3,9,0,2.0,122.67,False,False,True,False,False,True,False,0,0,13.0
0.0,6.0,3,3,1,0,2.0,148.98,False,True,False,False,False,True,False,0,0,13.0
10.0,10.0,4,4,6,0,3.0,145.88,False,False,False,True,False,False,True,0,0,13.0
7.0,9.0,3,2,1,0,4.0,177.56,False,True,False,False,False,False,True,0,0,13.0
11.0,9.0,4,3,6,1,3.0,221.02,False,True,False,False,False,False,False,0,0,13.0
10.0,25.0,4,1,4,0,10.0,202.79,False,True,False,False,False,False,True,0,0,13.0
16.0,9.0,5,1,5,0,1.0,192.81,False,True,False,False,False,False,True,0,0,13.0
3.0,22.0,6,2,2,1,4.0,146.68,False,False,False,True,False,False,False,0,0,13.0
1.0,11.0,3,1,2,0,2.0,149.08,False,True,False,False,False,False,True,0,0,13.0
3.0,8.0,4,1,6,1,0.0,168.77,False,True,False,False,False,False,True,0,0,12.0
11.0,17.0,2,1,5,0,1.0,171.8,False,False,False,True,False,False,True,0,0,12.0
10.0,8.0,3,3,5,1,0.0,196.02,False,True,False,False,False,False,False,0,0,12.0
1.0,12.0,2,5,3,0,6.0,165.0,False,True,False,False,False,True,False,0,0,12.0
9.0,13.0,3,2,3,0,1.0,146.78,False,False,False,True,False,False,True,0,0,12.0
8.0,14.0,4,4,2,0,12.0,244.94,False,False,False,False,False,False,True,0,0,12.0
18.0,26.0,3,3,9,0,1.0,148.5,False,True,False,False,False,False,True,0,0,12.0
14.0,13.0,3,3,5,0,8.0,124.51,False,False,True,False,False,True,False,0,0,12.0
11.0,12.0,2,3,2,0,4.0,160.0,False,False,False,True,False,False,True,0,0,12.0
19.0,8.0,3,1,8,1,2.0,293.28,False,False,False,False,True,True,False,0,0,12.0
4.0,7.0,4,4,2,1,8.0,160.79,False,False,False,True,False,False,False,0,0,12.0
18.0,8.0,4,1,8,1,3.0,149.36,False,False,False,True,False,False,True,0,0,12.0
12.0,7.0,3,2,2,0,9.0,201.25,False,True,False,False,False,False,True,0,0,12.0
17.0,14.0,4,5,10,0,3.0,224.85,False,False,False,False,False,False,False,0,0,12.0
11.0,13.0,1,3,2,0,3.0,126.1,False,False,True,False,False,True,False,0,0,12.0
10.0,10.0,4,1,7,0,1.0,153.35,False,False,False,True,False,True,False,0,0,12.0
9.0,6.0,4,5,3,0,3.0,215.69,False,False,False,False,False,True,False,0,0,11.0
2.0,8.0,4,3,2,1,3.0,146.54,False,False,False,True,False,False,True,0,0,11.0
2.0,13.0,4,2,7,0,3.0,125.32,False,False,True,False,False,True,False,0,0,11.0
9.0,17.0,4,1,5,0,0.0,166.52,False,True,False,False,False,True,False,0,0,11.0
6.0,20.0,4,1,4,0,4.0,169.03,False,True,False,False,False,True,False,0,0,11.0
8.0,15.0,4,4,10,0,0.0,165.4,False,True,False,False,False,False,True,0,0,11.0
14.0,16.0,5,2,11,0,3.0,173.76,False,True,False,False,False,False,False,0,0,11.0
9.0,9.0,3,1,5,0,4.0,120.97,False,False,True,False,False,True,False,0,0,11.0
10.0,9.0,4,3,6,0,10.0,150.19,False,False,False,True,False,False,True,0,0,11.0
2.0,28.0,4,2,3,0,3.0,152.13,False,False,False,True,False,False,False,0,0,11.0
8.0,31.0,4,4,4,0,8.0,209.03,False,False,False,False,False,False,False,0,0,11.0
4.0,10.0,4,2,6,0,5.0,145.97,False,False,False,True,False,False,False,0,0,11.0
10.0,19.0,5,2,2,0,3.0,213.58,False,False,False,False,False,False,True,0,0,11.0
3.0,8.0,4,5,1,0,7.0,149.68,False,False,False,True,False,False,True,0,0,11.0
4.0,12.0,5,3,3,0,3.0,186.18,False,True,False,False,False,True,False,0,0,10.0
28.0,8.0,4,1,9,0,4.0,126.62,False,False,True,False,False,True,False,0,0,10.0
29.0,15.0,3,1,8,0,3.0,211.03,True,False,False,False,False,True,False,0,0,10.0
5.0,8.0,3,3,5,1,7.0,149.98,False,True,False,False,False,False,True,0,0,10.0
6.0,11.0,3,1,7,0,2.0,199.98,False,True,False,False,False,True,False,0,0,10.0
1.0,7.0,3,1,2,0,2.0,127.06,False,False,True,False,False,True,False,0,0,10.0
4.0,9.0,5,5,2,0,8.0,174.68,False,False,False,True,False,False,True,0,0,10.0
15.0,15.0,3,1,2,0,8.0,136.73,False,False,False,True,False,False,True,0,0,10.0
6.0,11.0,3,2,7,0,2.0,199.98,False,True,False,False,False,False,False,0,0,10.0
9.0,13.0,1,1,5,0,2.0,120.89,False,False,True,False,False,True,False,0,0,10.0
7.0,6.0,4,3,2,1,6.0,170.83,False,False,False,False,False,False,False,0,0,10.0
5.0,14.0,5,3,5,0,3.0,148.29,False,False,False,True,False,False,False,0,0,10.0
11.0,23.0,5,3,6,0,1.0,188.34,False,True,False,False,False,True,False,0,0,10.0
16.0,15.0,3,3,4,1,7.0,156.79,False,True,False,False,False,True,False,0,0,10.0
12.0,32.0,5,4,5,0,2.0,245.61,False,False,False,False,False,False,False,0,0,10.0
7.0,14.0,4,3,2,0,8.0,241.91000000000005,False,False,False,False,False,False,False,0,0,10.0
10.0,10.0,3,2,5,0,8.0,0.0,False,False,False,True,False,True,False,0,0,10.0
7.0,25.0,4,1,2,0,7.0,129.29,False,False,True,False,False,True,False,0,0,10.0
23.0,18.0,3,1,5,0,1.0,192.08,False,False,False,False,False,False,True,0,0,9.0
8.0,13.0,3,3,2,0,0.0,124.04,False,False,True,False,False,False,False,0,0,9.0
9.0,19.0,3,3,2,0,6.0,120.96,False,False,True,False,False,True,False,0,0,9.0
31.0,13.0,4,3,10,0,3.0,147.67,False,False,False,True,False,False,False,0,0,9.0
11.0,21.0,4,2,1,1,3.0,215.1,False,False,False,False,False,True,False,0,0,9.0
31.0,23.0,4,5,10,0,3.0,179.05,False,True,False,False,False,False,True,0,0,9.0
4.0,22.0,5,5,4,0,8.0,196.4,False,False,False,False,False,True,False,0,0,9.0
8.0,15.0,2,3,4,0,3.0,169.04,False,True,False,False,False,True,False,0,0,9.0
12.0,14.0,5,2,2,0,6.0,165.28,False,True,False,False,False,False,True,0,0,9.0
15.0,35.0,3,3,3,0,2.0,145.56,False,True,False,False,False,True,False,0,0,9.0
5.0,8.0,3,5,2,0,0.0,128.27,False,False,True,False,False,True,False,0,0,9.0
10.0,13.0,6,3,3,0,8.0,152.41,False,False,False,True,False,True,False,0,0,9.0
10.0,6.0,4,5,3,0,2.0,139.2,False,False,False,True,False,False,False,0,0,9.0
14.0,15.0,4,5,4,1,1.0,190.16,False,True,False,False,False,True,False,0,0,9.0
24.0,6.0,3,1,2,0,0.0,127.23,False,False,True,False,False,True,False,0,0,9.0
1.0,7.0,3,5,2,0,2.0,135.91,False,False,False,True,False,True,False,0,0,9.0
11.0,18.0,4,3,6,0,3.0,161.29,False,False,False,True,False,False,True,0,0,9.0
8.0,9.0,4,5,2,1,3.0,170.38,False,True,False,False,False,False,True,0,0,9.0
6.0,34.0,3,3,2,1,7.0,152.07,False,True,False,False,False,True,False,0,0,9.0
1.0,32.0,4,5,2,0,4.0,147.24,False,True,False,False,False,False,False,0,0,9.0
10.0,17.0,4,4,7,0,8.0,198.14,False,False,False,False,False,True,False,1,0,9.0
25.0,14.0,3,5,10,0,4.0,129.5,False,False,True,False,False,False,False,0,0,9.0
17.0,9.0,3,1,5,1,1.0,295.13,False,False,False,False,True,True,False,0,0,9.0
8.0,23.0,3,5,4,1,7.0,189.66,False,True,False,False,False,False,False,0,0,8.0
3.0,6.0,3,1,2,0,7.0,140.11,False,True,False,False,False,False,True,0,0,8.0
20.0,7.0,4,2,11,0,3.0,321.27,False,False,False,False,True,True,False,0,0,8.0
25.0,6.0,4,3,1,0,9.0,299.99,False,False,False,False,True,True,False,0,0,8.0
7.0,8.0,3,5,1,1,2.0,145.38,False,True,False,False,False,False,True,0,0,8.0
2.0,8.0,3,1,2,0,9.0,145.54,False,True,False,False,False,False,True,0,0,8.0
26.0,6.0,4,4,9,0,3.0,229.45,False,False,False,False,False,False,True,0,0,8.0
16.0,33.0,4,5,5,1,1.0,256.91,False,False,False,False,False,True,False,0,0,8.0
24.0,17.0,4,4,4,0,3.0,231.42,True,False,False,False,False,False,True,0,0,8.0
10.0,23.0,5,5,6,0,3.0,181.47,False,True,False,False,False,True,False,0,0,8.0
4.0,11.0,3,3,2,0,2.0,183.46,False,True,False,False,False,True,False,0,0,8.0
1.0,15.0,3,1,2,0,7.0,152.53,False,True,False,False,False,False,True,0,0,8.0
9.0,7.0,5,3,8,0,8.0,147.58,False,False,False,True,False,False,False,0,0,8.0
19.0,13.0,4,5,6,1,1.0,257.45,False,False,False,False,False,True,False,0,0,8.0
25.0,18.0,5,4,5,0,4.0,256.42,True,False,False,False,False,False,True,0,0,8.0
7.0,21.0,4,4,3,0,7.0,152.56,False,False,False,True,False,True,False,0,0,8.0
7.0,14.0,3,3,4,0,3.0,161.42,False,True,False,False,False,False,True,0,0,8.0
5.0,12.0,5,5,8,0,1.0,146.07,False,False,False,True,False,True,False,1,0,8.0
6.0,6.0,1,4,2,1,2.0,154.88,False,True,False,False,False,False,False,0,0,8.0
8.0,10.0,6,5,5,0,13.0,172.59,False,True,False,False,False,False,True,0,0,8.0
4.0,30.0,6,3,3,0,10.0,151.13,False,False,False,True,False,True,False,0,0,8.0
21.0,8.0,4,4,2,0,13.0,244.57,False,False,False,False,False,True,False,0,0,8.0
21.0,6.0,4,5,8,0,2.0,254.02,True,False,False,False,False,False,False,0,0,8.0
6.0,19.0,3,2,4,0,2.0,134.52,False,False,True,False,False,False,True,0,0,7.0
22.0,31.0,3,5,2,0,4.0,132.11,False,False,True,False,False,True,False,0,0,7.0
19.0,6.0,3,2,10,0,2.0,296.27,False,False,False,False,True,True,False,0,0,7.0
26.0,29.0,3,2,7,0,8.0,242.75,True,False,False,False,False,False,True,0,0,7.0
27.0,13.0,4,2,4,0,3.0,149.5,False,True,False,False,False,False,True,0,0,7.0
30.0,7.0,4,5,4,0,1.0,145.66,False,False,False,True,False,False,False,0,0,7.0
8.0,22.0,4,4,1,1,2.0,147.88,False,True,False,False,False,True,False,0,0,7.0
10.0,22.0,6,1,3,0,12.0,179.06,False,True,False,False,False,True,False,0,0,7.0
10.0,13.0,3,3,5,0,2.0,236.64,False,False,False,False,False,False,True,0,0,7.0
3.0,26.0,3,5,1,0,2.0,199.57,False,True,False,False,False,False,False,0,0,7.0
10.0,15.0,5,5,3,0,10.0,200.87,False,False,False,False,False,False,True,0,0,7.0
7.0,6.0,1,1,3,0,3.0,132.8,False,False,True,False,False,False,True,0,0,7.0
3.0,17.0,5,4,3,1,8.0,207.68,False,True,False,False,False,True,False,0,0,7.0
24.0,17.0,5,1,8,0,3.0,229.96,False,False,False,False,False,False,True,0,0,7.0
2.0,36.0,6,4,3,0,8.0,190.49,False,True,False,False,False,True,False,0,0,7.0
27.0,14.0,3,3,8,0,0.0,137.8,False,True,False,False,False,False,True,0,0,7.0
26.0,6.0,3,5,8,0,10.0,183.81,False,True,False,False,False,False,True,0,0,7.0
16.0,14.0,2,4,8,1,1.0,148.72,False,True,False,False,False,True,False,0,0,7.0
9.0,7.0,5,5,3,0,3.0,149.5,False,False,False,True,False,False,True,0,0,7.0
30.0,6.0,4,3,8,0,3.0,154.73,False,True,False,False,False,False,True,0,0,7.0
26.0,7.0,5,3,2,0,10.0,324.99,False,False,False,False,True,False,False,0,0,7.0
16.0,19.0,4,1,5,1,1.0,175.87,False,True,False,False,False,True,False,0,0,7.0
3.0,12.0,4,1,1,0,7.0,146.27,False,True,False,False,False,True,False,0,0,7.0
9.0,8.0,5,5,3,0,3.0,149.5,False,False,False,True,False,False,True,0,0,7.0
5.0,13.0,1,4,2,0,3.0,127.94,False,False,True,False,False,True,False,0,0,7.0
4.0,32.0,3,3,2,0,3.0,129.11,False,False,True,False,False,True,False,0,0,7.0
18.0,15.0,3,5,5,1,2.0,207.61,False,False,False,False,False,True,False,0,0,7.0
5.0,19.0,4,4,2,0,2.0,127.43,False,False,True,False,False,False,False,0,0,7.0
4.0,35.0,4,1,2,0,7.0,154.68,False,True,False,False,False,True,False,0,0,6.0
22.0,14.0,3,4,5,0,7.0,174.03,False,False,False,False,False,True,False,0,0,6.0
9.0,14.0,3,1,5,0,7.0,150.79,False,True,False,False,False,True,False,0,0,6.0
31.0,31.0,3,2,5,1,3.0,219.39,False,False,False,False,False,True,False,0,0,6.0
12.0,7.0,2,3,3,0,1.0,153.44,False,False,False,True,False,False,False,0,0,6.0
23.0,6.0,3,1,10,0,3.0,273.99,True,False,False,False,False,True,False,0,0,6.0
16.0,31.0,4,5,3,1,9.0,199.06,False,False,False,False,False,False,False,0,0,6.0
8.0,6.0,3,4,2,0,6.0,172.95,False,False,False,False,False,False,False,0,0,6.0
8.0,8.0,4,1,3,0,3.0,223.88,False,False,False,False,False,False,True,0,0,6.0
11.0,17.0,4,4,4,1,2.0,166.97,False,True,False,False,False,False,True,0,0,6.0
9.0,8.0,6,1,3,0,2.0,154.77,False,False,False,True,False,True,False,0,0,6.0
5.0,12.0,4,1,3,0,3.0,179.76,False,True,False,False,False,True,False,0,0,6.0
4.0,29.0,4,5,2,0,9.0,209.12,False,False,False,False,False,True,False,0,0,6.0
5.0,18.0,4,5,3,1,2.0,193.33,False,True,False,False,False,True,False,0,0,6.0
5.0,12.0,4,1,2,1,4.0,173.21,False,False,False,True,False,True,False,0,0,6.0
9.0,16.0,5,3,3,1,16.0,231.85,False,False,False,False,False,False,False,0,0,6.0
3.0,9.0,4,4,2,0,3.0,156.8,False,False,False,True,False,False,False,0,0,6.0
25.0,25.0,3,1,1,0,2.0,142.58,False,False,False,True,False,True,False,0,0,6.0
21.0,7.0,4,1,7,0,0.0,282.65,False,False,False,False,True,False,True,0,0,6.0
14.0,16.0,4,5,2,0,2.0,179.73,False,True,False,False,False,True,False,0,0,6.0
10.0,15.0,2,5,11,0,6.0,242.13,False,False,False,False,False,True,False,0,0,6.0
6.0,9.0,4,5,3,0,1.0,153.27,False,False,False,True,False,True,False,0,0,6.0
4.0,15.0,2,5,2,1,8.0,239.16000000000005,False,False,False,False,False,False,False,0,0,6.0
3.0,13.0,3,2,1,0,7.0,125.64,False,False,True,False,False,False,True,0,0,6.0
19.0,8.0,3,1,3,0,4.0,173.79,False,True,False,False,False,True,False,0,0,6.0
17.0,34.0,1,2,4,1,11.0,233.2,True,False,False,False,False,False,False,0,0,6.0
9.0,10.0,5,3,3,0,1.0,137.81,False,False,False,True,False,True,False,0,0,6.0
19.0,6.0,3,1,10,0,2.0,296.27,False,False,False,False,True,True,False,0,0,6.0
6.0,8.0,5,4,2,0,3.0,147.69,False,False,False,True,False,True,False,0,0,5.0
19.0,8.0,3,5,9,0,9.0,270.48,True,False,False,False,False,True,False,0,0,5.0
8.0,9.0,5,5,3,0,4.0,168.81,False,False,False,True,False,False,True,0,0,5.0
24.0,6.0,4,5,4,0,8.0,174.84,False,False,False,False,False,False,True,0,0,5.0
29.0,9.0,5,5,10,0,1.0,315.38,False,False,False,False,True,True,False,0,0,5.0
24.0,7.0,4,1,5,0,7.0,320.17,False,False,False,False,True,True,False,0,0,5.0
8.0,33.0,3,3,3,0,7.0,168.83,False,True,False,False,False,True,False,0,0,5.0
18.0,35.0,2,2,5,1,12.0,258.2,True,False,False,False,False,False,False,0,0,5.0
5.0,15.0,3,2,2,1,5.0,163.22,False,True,False,False,False,False,False,0,0,5.0
2.0,14.0,4,1,2,1,2.0,150.56,False,True,False,False,False,True,False,0,0,5.0
11.0,8.0,5,1,3,1,3.0,154.05,False,True,False,False,False,True,False,0,0,5.0
13.0,11.0,4,5,6,1,12.0,204.75,False,False,False,False,False,True,False,0,0,5.0
15.0,12.0,2,3,4,1,4.0,146.27,False,False,False,True,False,False,False,0,0,5.0
17.0,22.0,5,3,3,0,12.0,301.03,True,False,False,False,False,True,False,0,0,5.0
9.0,14.0,4,3,3,0,1.0,149.04,False,False,False,True,False,True,False,0,0,5.0
12.0,6.0,1,1,1,0,7.0,196.13,False,False,False,False,False,True,False,0,0,5.0
18.0,29.0,3,5,2,1,8.0,136.33,False,True,False,False,False,True,False,0,0,5.0
9.0,14.0,4,3,5,0,3.0,227.21,False,False,False,False,False,False,True,0,0,5.0
4.0,9.0,4,4,3,0,1.0,149.76,False,False,False,True,False,False,False,0,0,5.0
7.0,17.0,4,3,3,0,10.0,179.87,False,True,False,False,False,False,True,0,0,5.0
24.0,16.0,4,3,6,1,1.0,318.31,False,False,False,False,True,True,False,0,0,5.0
9.0,24.0,3,1,2,0,7.0,121.53,False,False,True,False,False,False,True,0,0,5.0
31.0,7.0,6,1,5,0,1.0,233.83,False,False,False,False,False,True,False,0,0,5.0
7.0,9.0,5,1,6,0,2.0,160.29,False,True,False,False,False,False,True,0,0,5.0
10.0,22.0,4,3,5,0,0.0,163.34,False,True,False,False,False,True,False,0,0,5.0
18.0,11.0,2,5,3,0,14.0,316.9,False,False,False,False,True,True,False,0,0,5.0
4.0,15.0,3,4,2,0,8.0,206.48,False,False,False,False,False,True,False,0,0,5.0
13.0,8.0,3,4,6,0,0.0,143.27,False,True,False,False,False,False,False,0,0,5.0
19.0,18.0,4,2,5,0,2.0,301.5,True,False,False,False,False,False,False,0,0,5.0
14.0,16.0,3,1,8,0,10.0,162.3,False,True,False,False,False,False,True,0,0,5.0
5.0,16.0,3,1,2,0,8.0,153.96,False,True,False,False,False,False,True,0,0,4.0
8.0,6.0,3,3,10,0,9.0,147.17,False,True,False,False,False,True,False,0,0,4.0
5.0,32.0,3,2,1,0,2.0,144.65,False,True,False,False,False,False,False,0,0,4.0
10.0,30.0,2,1,6,0,4.0,150.71,False,True,False,False,False,True,False,0,0,4.0
3.0,16.0,4,3,2,0,4.0,165.78,False,True,False,False,False,True,False,0,0,4.0
19.0,14.0,4,5,9,1,7.0,146.15,False,True,False,False,False,True,False,0,0,4.0
19.0,10.0,4,4,3,0,8.0,287.89,False,False,False,False,True,True,False,0,0,4.0
6.0,15.0,3,2,1,0,10.0,127.81,False,False,True,False,False,False,False,0,0,4.0
21.0,9.0,4,2,7,0,5.0,175.7,False,True,False,False,False,True,False,0,0,4.0
17.0,9.0,4,1,2,0,9.0,160.39,False,False,False,True,False,False,True,0,0,4.0
4.0,16.0,3,1,3,1,4.0,165.83,False,True,False,False,False,True,False,0,0,4.0
12.0,7.0,4,1,9,0,10.0,172.35,False,True,False,False,False,True,False,0,0,4.0
24.0,7.0,4,2,5,0,7.0,320.17,False,False,False,False,True,True,False,0,0,4.0
7.0,12.0,5,1,3,0,3.0,154.11,False,False,False,True,False,True,False,0,0,4.0
12.0,19.0,5,5,4,0,3.0,187.88,False,True,False,False,False,True,False,0,0,4.0
15.0,8.0,3,3,1,1,10.0,278.61,True,False,False,False,False,True,False,0,0,4.0
27.0,9.0,5,4,4,0,13.0,200.25,False,False,False,False,False,False,False,0,0,4.0
14.0,15.0,5,4,4,0,9.0,262.57,False,False,False,False,False,True,False,0,0,4.0
19.0,6.0,3,5,7,0,7.0,134.23,False,False,True,False,False,False,True,0,0,4.0
17.0,19.0,5,4,3,0,10.0,268.36,True,False,False,False,False,True,False,0,0,4.0
10.0,7.0,6,5,4,1,3.0,227.52,False,False,False,False,False,True,False,0,0,4.0
8.0,5.0,3,5,2,0,8.0,190.69,False,False,False,False,False,True,False,0,0,4.0
7.0,11.0,5,4,10,0,3.0,163.38,False,False,False,True,False,False,False,0,0,4.0
28.0,20.0,1,4,9,0,15.0,287.22,False,False,False,False,True,False,True,0,0,4.0
16.0,12.0,4,3,2,1,8.0,140.81,False,True,False,False,False,False,True,0,0,4.0
16.0,21.0,4,2,4,0,2.0,168.04,False,True,False,False,False,False,False,0,0,4.0
6.0,10.0,4,1,5,0,8.0,236.59,False,False,False,False,False,False,True,0,0,4.0
15.0,9.0,1,2,3,1,3.0,152.31,False,True,False,False,False,False,False,0,0,4.0
19.0,24.0,3,3,6,0,2.0,205.27,False,False,False,False,False,False,False,0,0,3.0
16.0,10.0,2,1,4,1,4.0,177.31,False,True,False,False,False,True,False,0,0,3.0
20.0,14.0,4,3,4,0,1.0,177.58,False,True,False,False,False,False,False,0,0,3.0
14.0,15.0,3,3,3,0,11.0,294.19,False,False,False,False,True,True,False,0,0,3.0
31.0,7.0,6,3,4,1,3.0,181.6,False,True,False,False,False,True,False,0,0,3.0
9.0,14.0,1,5,10,0,3.0,217.13,False,False,False,False,False,True,False,0,0,3.0
3.0,30.0,2,3,3,0,8.0,152.0,False,False,False,True,False,False,False,0,0,3.0
22.0,12.0,4,3,3,1,12.0,239.66000000000005,True,False,False,False,False,True,False,0,0,3.0
2.0,7.0,5,1,3,1,8.0,193.34,False,True,False,False,False,True,False,0,0,3.0
9.0,16.0,4,3,3,0,9.0,175.98,False,True,False,False,False,False,True,0,0,3.0
11.0,17.0,5,1,4,1,1.0,191.94,False,True,False,False,False,True,False,0,0,3.0
16.0,9.0,4,1,3,0,3.0,165.89,False,True,False,False,False,True,False,0,0,3.0
11.0,6.0,1,1,1,0,8.0,176.25,False,True,False,False,False,False,True,0,0,3.0
16.0,16.0,4,3,2,0,0.0,152.57,False,True,False,False,False,True,False,0,0,3.0
12.0,8.0,4,1,9,0,10.0,172.35,False,True,False,False,False,True,False,0,0,3.0
10.0,31.0,3,3,4,1,7.0,144.49,False,True,False,False,False,True,False,0,0,3.0
4.0,13.0,4,3,2,0,9.0,189.43,False,False,False,False,False,False,False,0,0,3.0
21.0,12.0,4,3,3,0,2.0,142.4,False,True,False,False,False,False,True,0,0,3.0
9.0,23.0,4,4,3,0,3.0,155.07,False,True,False,False,False,True,False,0,0,3.0
19.0,9.0,3,3,4,0,9.0,274.65,True,False,False,False,False,False,False,0,0,3.0
16.0,13.0,3,5,9,0,0.0,199.85,False,False,False,False,False,False,False,0,0,3.0
23.0,23.0,4,5,6,0,11.0,232.69,False,False,False,False,False,True,False,0,0,3.0
20.0,7.0,2,5,3,0,13.0,300.67,True,False,False,False,False,False,True,0,0,3.0
30.0,16.0,4,3,4,0,4.0,154.42,False,False,False,True,False,False,False,0,0,3.0
8.0,7.0,2,1,2,0,3.0,222.25,False,True,False,False,False,True,False,0,0,3.0
24.0,9.0,4,3,4,1,8.0,317.37,False,False,False,False,True,True,False,0,0,3.0
13.0,10.0,3,4,11,0,7.0,188.89,False,True,False,False,False,False,False,0,0,3.0
14.0,8.0,4,5,4,0,17.0,293.23,True,False,False,False,False,True,False,0,0,3.0
9.0,25.0,2,5,3,0,11.0,177.08,False,True,False,False,False,True,False,0,0,3.0
25.0,17.0,3,3,9,0,4.0,131.49,False,True,False,False,False,True,False,0,0,2.0
29.0,15.0,3,3,3,0,3.0,129.42,False,False,True,False,False,True,False,0,0,2.0
23.0,34.0,3,5,5,1,2.0,268.8,True,False,False,False,False,True,False,0,0,2.0
28.0,14.0,4,1,6,0,8.0,193.54,False,True,False,False,False,True,False,0,0,2.0
13.0,8.0,3,1,2,0,8.0,146.61,False,True,False,False,False,False,True,0,0,2.0
23.0,7.0,4,5,4,0,3.0,160.8,False,False,False,True,False,False,False,0,0,2.0
6.0,14.0,3,5,3,0,2.0,163.92,False,True,False,False,False,True,False,0,0,2.0
9.0,8.0,1,1,2,0,7.0,120.11,False,False,True,False,False,True,False,0,0,2.0
15.0,17.0,6,4,3,0,10.0,186.51,False,True,False,False,False,False,True,0,0,2.0
14.0,16.0,3,2,8,0,10.0,162.3,False,True,False,False,False,False,True,0,0,2.0
5.0,13.0,2,1,6,0,8.0,179.6,False,True,False,False,False,True,False,0,0,2.0
17.0,11.0,3,4,8,0,10.0,282.13,False,False,False,False,True,False,False,0,0,2.0
4.0,6.0,5,5,2,0,7.0,150.03,False,True,False,False,False,True,False,0,0,2.0
16.0,33.0,4,4,7,0,9.0,260.25,True,False,False,False,False,True,False,0,0,2.0
13.0,15.0,3,3,4,0,7.0,139.75,False,True,False,False,False,True,False,0,0,2.0
10.0,31.0,4,4,9,0,9.0,181.74,False,True,False,False,False,False,False,0,0,2.0
3.0,9.0,4,4,2,0,3.0,156.8,False,False,False,True,False,True,False,0,0,2.0
28.0,10.0,4,5,4,0,6.0,184.4,False,True,False,False,False,False,False,0,0,2.0
9.0,12.0,1,5,4,1,2.0,155.62,False,True,False,False,False,True,False,0,0,2.0
9.0,7.0,5,5,2,0,9.0,168.12,False,True,False,False,False,False,True,0,0,2.0
5.0,9.0,4,1,2,1,3.0,151.95,False,False,False,True,False,True,False,0,0,2.0
9.0,15.0,1,4,2,0,2.0,128.1,False,False,True,False,False,True,False,0,0,2.0
13.0,18.0,3,5,3,0,7.0,144.48,False,True,False,False,False,True,False,0,0,2.0
25.0,14.0,5,3,4,0,1.0,186.32,False,True,False,False,False,True,False,0,0,2.0
17.0,9.0,4,1,3,0,8.0,181.75,False,True,False,False,False,True,False,0,0,2.0
14.0,9.0,2,4,3,0,8.0,167.44,False,True,False,False,False,False,False,0,0,2.0
6.0,31.0,4,2,3,0,8.0,178.09,False,True,False,False,False,False,False,0,0,2.0
9.0,28.0,4,2,3,1,8.0,165.14,False,True,False,False,False,False,False,0,0,2.0
22.0,24.0,3,2,2,1,7.0,168.04,False,True,False,False,False,True,False,0,0,2.0
9.0,30.0,3,4,8,0,8.0,156.74,False,True,False,False,False,True,False,0,0,2.0
23.0,15.0,3,3,5,1,0.0,293.31,False,False,False,False,True,True,False,0,0,2.0
15.0,8.0,3,5,1,0,7.0,276.65,True,False,False,False,False,True,False,0,0,2.0
8.0,13.0,4,3,3,0,11.0,173.09,False,True,False,False,False,False,True,0,0,2.0
31.0,36.0,5,2,5,0,1.0,266.18,True,False,False,False,False,True,False,0,0,2.0
11.0,8.0,3,3,10,0,0.0,165.53,False,True,False,False,False,True,False,0,0,2.0
6.0,17.0,4,1,4,0,1.0,237.44,False,False,False,False,False,False,True,0,0,2.0
26.0,18.0,4,3,10,0,5.0,156.49,False,True,False,False,False,False,False,0,0,1.0
15.0,10.0,3,2,2,0,15.0,292.32,False,False,False,False,True,False,False,0,0,1.0
6.0,6.0,1,5,3,0,3.0,153.76,False,True,False,False,False,True,False,0,0,1.0
26.0,7.0,4,2,4,0,9.0,295.99,True,False,False,False,False,False,False,0,0,1.0
19.0,30.0,4,5,3,1,9.0,161.33,False,True,False,False,False,True,False,0,0,1.0
24.0,8.0,5,4,6,0,2.0,154.82,False,True,False,False,False,True,False,0,0,1.0
13.0,8.0,4,1,3,1,9.0,189.72,False,True,False,False,False,True,False,0,0,1.0
23.0,27.0,4,5,3,0,12.0,190.67,False,True,False,False,False,True,False,0,0,1.0
10.0,7.0,4,4,2,0,6.0,177.28,False,True,False,False,False,True,False,0,0,1.0
31.0,22.0,4,3,4,1,3.0,282.87,True,False,False,False,False,True,False,0,0,1.0
23.0,25.0,4,2,3,1,8.0,193.04,False,True,False,False,False,True,False,0,0,1.0
3.0,6.0,3,4,2,0,7.0,137.48,False,False,False,True,False,True,False,0,0,1.0
6.0,13.0,3,5,1,0,3.0,143.73,False,True,False,False,False,False,False,0,0,1.0
13.0,10.0,5,3,2,0,8.0,155.69,False,True,False,False,False,True,False,0,0,1.0
18.0,13.0,3,5,2,0,11.0,152.1,False,False,False,False,False,True,False,0,0,1.0
9.0,6.0,3,1,2,1,11.0,162.01,False,True,False,False,False,True,False,0,0,1.0
11.0,13.0,3,5,6,1,8.0,184.74,False,True,False,False,False,True,False,0,0,1.0
4.0,13.0,5,2,2,0,8.0,171.27,False,True,False,False,False,False,False,0,0,1.0
17.0,21.0,4,5,8,0,1.0,296.59,True,False,False,False,False,False,False,0,0,1.0
18.0,13.0,1,3,5,0,2.0,164.34,False,True,False,False,False,True,False,0,0,1.0
7.0,7.0,2,5,3,0,9.0,165.37,False,True,False,False,False,True,False,0,0,1.0
6.0,11.0,4,2,2,0,2.0,129.11,False,False,True,False,False,False,False,0,0,1.0
30.0,30.0,4,4,6,1,10.0,259.02,True,False,False,False,False,True,False,0,0,1.0
5.0,7.0,6,5,3,0,8.0,175.03,False,True,False,False,False,True,False,0,0,1.0
23.0,6.0,3,3,1,0,13.0,163.47,False,True,False,False,False,True,False,0,0,0.0
6.0,11.0,5,3,3,0,9.0,186.62,False,True,False,False,False,False,False,0,0,0.0
14.0,19.0,4,5,4,0,8.0,169.48,False,True,False,False,False,True,False,0,0,0.0
7.0,28.0,4,1,2,1,11.0,157.47,False,True,False,False,False,True,False,0,0,0.0
24.0,9.0,4,3,7,0,4.0,301.39,True,False,False,False,False,False,False,0,0,0.0
13.0,8.0,3,3,1,0,12.0,280.41,False,False,False,False,True,True,False,0,0,0.0
22.0,8.0,4,4,3,0,8.0,153.9,False,True,False,False,False,True,False,0,0,0.0
7.0,8.0,3,1,2,0,11.0,166.87,False,True,False,False,False,False,True,0,0,0.0
8.0,14.0,3,3,2,0,9.0,141.48,False,True,False,False,False,True,False,0,0,0.0
18.0,8.0,3,4,1,0,7.0,148.05,False,True,False,False,False,False,False,0,0,0.0
18.0,10.0,3,4,2,0,8.0,144.47,False,True,False,False,False,False,False,0,0,0.0
4.0,6.0,3,5,2,0,3.0,141.48,False,True,False,False,False,True,False,0,0,0.0
26.0,6.0,4,3,5,1,3.0,229.65,True,False,False,False,False,True,False,0,0,0.0
22.0,10.0,4,3,3,0,0.0,287.11,False,False,False,False,True,False,False,0,0,0.0
8.0,10.0,4,4,3,0,10.0,179.33,False,True,False,False,False,True,False,0,0,0.0
19.0,8.0,3,5,9,0,9.0,270.48,True,False,False,False,False,False,False,0,0,0.0
11.0,15.0,4,4,1,0,2.0,128.99,False,False,True,False,False,True,False,0,0,0.0
23.0,6.0,3,3,1,0,13.0,163.47,False,True,False,False,False,False,False,0,0,0.0
14.0,6.0,3,5,1,0,7.0,141.03,False,True,False,False,False,True,False,0,0,0.0
8.0,9.0,5,5,8,0,10.0,184.57,False,True,False,False,False,True,False,0,0,0.0
18.0,15.0,4,3,2,0,12.0,155.93,False,True,False,False,False,True,False,0,0,0.0
9.0,6.0,3,4,1,0,5.0,152.28,False,True,False,False,False,True,False,0,0,0.0
13.0,8.0,1,3,6,0,8.0,163.77,False,True,False,False,False,True,False,0,0,0.0
7.0,14.0,4,5,2,0,4.0,168.73,False,True,False,False,False,True,False,0,0,0.0
12.0,9.0,4,3,1,0,7.0,130.69,False,True,False,False,False,True,False,0,0,0.0
5.0,14.0,1,1,2,0,8.0,162.09,False,True,False,False,False,True,False,0,0,0.0
14.0,7.0,3,5,1,0,7.0,141.03,False,True,False,False,False,True,False,0,0,0.0
6.0,22.0,3,1,2,1,2.0,153.68,False,True,False,False,False,True,False,0,0,0.0
15.0,8.0,1,5,8,0,3.0,162.72,False,True,False,False,False,False,False,0,0,0.0
10.0,6.0,4,3,2,0,7.0,159.93,False,True,False,False,False,True,False,0,0,0.0
